PAEDIATRICS, Taking a History (Children)
PAEDIATRICS, The Medical Examination (Children)
PAEDIATRICS, Neonatal Medicine
PAEDIATRICS, Clinical Genetics
PAEDIATRICS, Developmental Milestones
PAEDIATRICS, Developmental Issues
PAEDIATRICS, The Generally Unwell Child
PAEDIATRICS, Paediatric Emergencies
PAEDIATRICS, Approach to Fever (Children)
PAEDIATRICS, Approach to Vomiting (Children)
PAEDIATRICS, Approach to Diarrhoea (Children)
PAEDIATRICS, Approach to Abdominal Pain (Children)
PAEDIATRICS, Approach to Masses and Swellings and Lumps (Children)
PAEDIATRICS, Approach to Rashes and Skin Lesions (Children)
PAEDIATRICS, Approach to Gait Abnormalities (Children)
PAEDIATRICS, Approach to Injuries and Poisoning (Children)
PAEDIATRICS, Approach to Seizures (Children)
PAEDIATRICS, Approach to Bruising and Easy Bleeding (Children)
PAEDIATRICS, Approach to Visual Disturbances (Children)
PAEDIATRICS, Cardiovascular Disorders (Children)
PAEDIATRICS, Respiratory Disorders (Children)
PAEDIATRICS, Gastrointestinal Disorders (Children)
PAEDIATRICS, Hepatobiliary Disorders (Children)
PAEDIATRICS, Genitourinary Disorders (Children)
PAEDIATRICS, Endocrine Disorders (Children)
PAEDIATRICS, Neurological Disorders (Children)
PAEDIATRICS, Musculoskeletal Disorders (Children)
PAEDIATRICS, Haematological Disorders (Children)
PAEDIATRICS, Infectious Diseases (Children)
PAEDIATRICS, Skin Disorders (Children)
PAEDIATRICS, Eye Disorders (Children)
PAEDIATRICS, Behavioural Disorders (Children)
OBGYN, Disorders of Genital Tract Development
OBGYN, The Menstrual Cycle
OBGYN, Menstrual Disorders
OBGYN, Approach to Amenorrhoea
OBGYN, Approach to Menorrhagia
OBGYN, Approach to Dysmenorrhoea
OBGYN, Approach to Chronic Pelvic Pain
OBGYN, Approach to Hyperandrogenism
OBGYN, Approach to Vaginal Discharge
OBGYN, Contraception
OBGYN, Unplanned Pregnancy
OBGYN, Approach to Genital Lesions (Gynaecology)
OBGYN, Sexually Transmitted and Genital Infections (Gynaecology)
OBGYN, Sexual Assault and Abuse
OBGYN, Sexual Health Counselling
OBGYN, Subfertility and Infertility
OBGYN, Preconception Counselling
OBGYN, Antenatal Counselling and Care
OBGYN, Antenatal Investigations
OBGYN, Antenatal Screening
OBGYN, Conditions in Pregnancy
OBGYN, Assessment of Fetal Wellbeing During Pregnancy
OBGYN, Medical Disorders during Pregnancy
OBGYN, Perinatal and Postnatal Depression and Psychosis
OBGYN, Medications and Substances During Pregnancy
OBGYN, Normal Labour
OBGYN, Assessing Progress of Labour
OBGYN, Analgesia in Labour
OBGYN, Delay in Labour
OBGYN, Assisted Delivery
OBGYN, Caesarean Section
OBGYN, Precipitate Labour
OBGYN, Preterm Labour and PPROM
OBGYN, Antepartum Haemorrhage
OBGYN, Malpresentation and Cord Prolapse
OBGYN, Shoulder Dystocia
OBGYN, Post-Partum Haemorrhage
OBGYN, Maternal Resuscitation
OBGYN, Postpartum Endometritis
OBGYN, Breastfeeding
OBGYN, Postnatal Examination
OBGYN, Postpartum Contraception
OBGYN, Pelvic Floor Dysfunction
OBGYN, Assesment of the Neonate
OBGYN, Congenital Infections
OBGYN, Intrauterine Growth Restriction
OBGYN, Prematurity
OBGYN, Newborn Examination
OBGYN, Neonatal Resuscitation
OBGYN, Menopause and Hormone Replacement Therapy
OBGYN, Menopause and Osteoporosis
OBGYN, Incontinence
OBGYN, Uterovaginal Prolapse
OBGYN, Vulval Atrophy
OBGYN, Investigations in Gynaecology
OBGYN, Hysterectomy
OBGYN, Vaginal Repair
OBGYN, Cervical Screening
OBGYN, HPV Vaccination
OBGYN, Gynaecological Oncology
GENERAL_PRACTICE, Approach to Tiredness and Fatigue
GENERAL_PRACTICE, Approach to Weight Change
GENERAL_PRACTICE, Approach to Abdominal Pain
GENERAL_PRACTICE, Approach to Chest Pain
GENERAL_PRACTICE, Approach to Headache
GENERAL_PRACTICE, Prescribing in General Practice
GENERAL_PRACTICE, ENT Disorders
GENERAL_PRACTICE, Ear Examination
GENERAL_PRACTICE, Eye Disorders
GENERAL_PRACTICE, Eye Examination
GENERAL_PRACTICE, Skin Disorders
GENERAL_PRACTICE, Musculoskeletal Disorders
GENERAL_PRACTICE, Musculoskeletal Examination
GENERAL_PRACTICE, Respiratory Disorders
GENERAL_PRACTICE, Suturing
GENERAL_PRACTICE, Basic Life Support
GENERAL_PRACTICE, Swabs and Biopsies
GENERAL_PRACTICE, Ear Syringing
GENERAL_PRACTICE, Emergencies in General Practice
GENERAL_PRACTICE, Children's Health
GENERAL_PRACTICE, Adolescent Health
GENERAL_PRACTICE, Men's Health
GENERAL_PRACTICE, Women's Health
GENERAL_PRACTICE, Mental Health
GENERAL_PRACTICE, Travel Medicine
GENERAL_PRACTICE, Multicultural Care
GENERAL_PRACTICE, Preventive Health
GENERAL_PRACTICE, Family Abuse
GENERAL_PRACTICE, Drug and Alcohol
GENERAL_PRACTICE, Chronic Disease Management
GENERAL_PRACTICE, Aging
GENERAL_PRACTICE, Disability
GENERAL_PRACTICE, Palliative Care
PSYCHIATRY, Taking a History (Psychiatry)
PSYCHIATRY, The Mental State Examination
PSYCHIATRY, Physical Examination Related to Psychiatry
PSYCHIATRY, The Risk Assessment
PSYCHIATRY, The Biopsychosocial Model and the Formulation
PSYCHIATRY, The Mental Health Act
PSYCHIATRY, Psychopharmacology
PSYCHIATRY, Psychotherapy
PSYCHIATRY, Assessment Tools in Psychiatry
PSYCHIATRY, Assessment of Delirium
PSYCHIATRY, Assessment of Suicidality
PSYCHIATRY, Assessment of Demoralisation
PSYCHIATRY, Organic Disorders in Psychiatry
PSYCHIATRY, Schizophrenia Spectrum and Psychotic Disorders
PSYCHIATRY, Bipolar and Related Disorders
PSYCHIATRY, Depressive Disorders
PSYCHIATRY, Anxiety Disorders
PSYCHIATRY, Obsessive-Compulsive and Related Disorders
PSYCHIATRY, Trauma and Stressor-Related Disorders
PSYCHIATRY, Dissociative Disorders
PSYCHIATRY, Somatic Symptom and Related Disorders
PSYCHIATRY, Feeding and Eating Disorders
PSYCHIATRY, Neurodevelopmental Disorders
PSYCHIATRY, Elimination Disorders
PSYCHIATRY, Sleep-Wake Disorders
PSYCHIATRY, Disruptive and Impulse-Control and Conduct Disorders
PSYCHIATRY, Substance-Related and Addictive Disorders
PSYCHIATRY, Neurocognitive Disorders
PSYCHIATRY, Personality Disorders
PSYCHIATRY, Depression and Anxiety in the Elderly
PSYCHIATRY, Perinatal Psychiatry
PSYCHIATRY, Grief
PSYCHIATRY, Psychiatry in Specific Populations
